country,import_country,commodity,measure,year,unit,uk_import_qty_t,data_quality,iso3,log_uk_import_qty_t
Argentina,United Kingdom of Great Britain and Northern Ireland,Beef and veal preparations nes,Export quantity,2010,t,1959.0,Official figure,ARG,7.580699752224563
Argentina,United Kingdom of Great Britain and Northern Ireland,Beef and veal preparations nes,Export quantity,2011,t,1322.0,Official figure,ARG,7.187657164114956
Argentina,United Kingdom of Great Britain and Northern Ireland,Beef and veal preparations nes,Export quantity,2012,t,1182.0,Official figure,ARG,7.075808863978387
Argentina,United Kingdom of Great Britain and Northern Ireland,Beef and veal preparations nes,Export quantity,2013,t,314.0,Official figure,ARG,5.752572638825633
Argentina,United Kingdom of Great Britain and Northern Ireland,Beef and veal preparations nes,Export quantity,2014,t,58.4,Official figure,ARG,4.084294226368599
Argentina,United Kingdom of Great Britain and Northern Ireland,Beef and veal preparations nes,Export quantity,2015,t,23.91,Official figure,ARG,3.215269329274089
Argentina,United Kingdom of Great Britain and Northern Ireland,Beef and veal preparations nes,Export quantity,2016,t,22.79,Official figure,ARG,3.1692653243148663
Australia,United Kingdom of Great Britain and Northern Ireland,Beef and veal preparations nes,Export quantity,2010,t,7.0,Official figure,AUS,2.0794415416798357
Australia,United Kingdom of Great Britain and Northern Ireland,Beef and veal preparations nes,Export quantity,2011,t,13.0,Official figure,AUS,2.6390573296152584
Australia,United Kingdom of Great Britain and Northern Ireland,Beef and veal preparations nes,Export quantity,2012,t,3.0,Official figure,AUS,1.3862943611198906
Austria,United Kingdom of Great Britain and Northern Ireland,Beef and veal preparations nes,Export quantity,2011,t,17.0,Official figure,AUT,2.8903717578961645
Austria,United Kingdom of Great Britain and Northern Ireland,Beef and veal preparations nes,Export quantity,2012,t,138.0,Official figure,AUT,4.9344739331306915
Austria,United Kingdom of Great Britain and Northern Ireland,Beef and veal preparations nes,Export quantity,2013,t,101.0,Official figure,AUT,4.624972813284271
Austria,United Kingdom of Great Britain and Northern Ireland,Beef and veal preparations nes,Export quantity,2014,t,16.8,Official figure,AUT,2.8791984572980396
Austria,United Kingdom of Great Britain and Northern Ireland,Beef and veal preparations nes,Export quantity,2015,t,4.5,Official figure,AUT,1.7047480922384253
Austria,United Kingdom of Great Britain and Northern Ireland,Beef and veal preparations nes,Export quantity,2016,t,2.8,Official figure,AUT,1.33500106673234
Austria,United Kingdom of Great Britain and Northern Ireland,Beef and veal preparations nes,Export quantity,2017,t,0.5,Official figure,AUT,0.4054651081081644
Austria,United Kingdom of Great Britain and Northern Ireland,Beef and veal preparations nes,Export quantity,2018,t,0.05,Official figure,AUT,0.04879016416943201
Austria,United Kingdom of Great Britain and Northern Ireland,Beef and veal preparations nes,Export quantity,2019,t,0.05,Official figure,AUT,0.04879016416943201
Austria,United Kingdom of Great Britain and Northern Ireland,Beef and veal preparations nes,Export quantity,2020,t,1.17,Official figure,AUT,0.7747271675523681
Belgium,United Kingdom of Great Britain and Northern Ireland,Beef and veal preparations nes,Export quantity,2010,t,1140.0,Official figure,BEL,7.039660349862076
Belgium,United Kingdom of Great Britain and Northern Ireland,Beef and veal preparations nes,Export quantity,2011,t,1089.0,Official figure,BEL,6.993932975223189
Belgium,United Kingdom of Great Britain and Northern Ireland,Beef and veal preparations nes,Export quantity,2012,t,649.0,Official figure,BEL,6.476972362889683
Belgium,United Kingdom of Great Britain and Northern Ireland,Beef and veal preparations nes,Export quantity,2013,t,972.0,Official figure,BEL,6.880384082186005
Belgium,United Kingdom of Great Britain and Northern Ireland,Beef and veal preparations nes,Export quantity,2014,t,1177.4,Official figure,BEL,7.071912865148421
Belgium,United Kingdom of Great Britain and Northern Ireland,Beef and veal preparations nes,Export quantity,2015,t,3109.9,Official figure,BEL,8.042667352375865
Belgium,United Kingdom of Great Britain and Northern Ireland,Beef and veal preparations nes,Export quantity,2016,t,578.2,Official figure,BEL,6.361647841071506
Belgium,United Kingdom of Great Britain and Northern Ireland,Beef and veal preparations nes,Export quantity,2017,t,716.61,Official figure,BEL,6.575926245987513
Belgium,United Kingdom of Great Britain and Northern Ireland,Beef and veal preparations nes,Export quantity,2018,t,968.44,Official figure,BEL,6.876718585196679
Belgium,United Kingdom of Great Britain and Northern Ireland,Beef and veal preparations nes,Export quantity,2019,t,1063.21,Official figure,BEL,6.969988018848058
Belgium,United Kingdom of Great Britain and Northern Ireland,Beef and veal preparations nes,Export quantity,2020,t,630.53,Official figure,BEL,6.448145446600416
Bulgaria,United Kingdom of Great Britain and Northern Ireland,Beef and veal preparations nes,Export quantity,2010,t,2.0,Official figure,BGR,1.0986122886681098
Bulgaria,United Kingdom of Great Britain and Northern Ireland,Beef and veal preparations nes,Export quantity,2011,t,2.0,Official figure,BGR,1.0986122886681098
Bulgaria,United Kingdom of Great Britain and Northern Ireland,Beef and veal preparations nes,Export quantity,2012,t,3.0,Official figure,BGR,1.3862943611198906
Bulgaria,United Kingdom of Great Britain and Northern Ireland,Beef and veal preparations nes,Export quantity,2013,t,2.0,Official figure,BGR,1.0986122886681098
Bulgaria,United Kingdom of Great Britain and Northern Ireland,Beef and veal preparations nes,Export quantity,2014,t,12.0,Official figure,BGR,2.5649493574615367
Bulgaria,United Kingdom of Great Britain and Northern Ireland,Beef and veal preparations nes,Export quantity,2015,t,15.5,Official figure,BGR,2.803360380906535
Bulgaria,United Kingdom of Great Britain and Northern Ireland,Beef and veal preparations nes,Export quantity,2016,t,23.32,Official figure,BGR,3.1912990570979662
Bulgaria,United Kingdom of Great Britain and Northern Ireland,Beef and veal preparations nes,Export quantity,2017,t,40.21,Official figure,BGR,3.718680945350726
Bulgaria,United Kingdom of Great Britain and Northern Ireland,Beef and veal preparations nes,Export quantity,2018,t,34.44,Official figure,BGR,3.56784112573688
Bulgaria,United Kingdom of Great Britain and Northern Ireland,Beef and veal preparations nes,Export quantity,2019,t,36.25,Official figure,BGR,3.6176519448255684
Bulgaria,United Kingdom of Great Britain and Northern Ireland,Beef and veal preparations nes,Export quantity,2020,t,28.96,Official figure,BGR,3.3998631586490187
Brazil,United Kingdom of Great Britain and Northern Ireland,Beef and veal preparations nes,Export quantity,2010,t,42473.0,Official figure,BRA,10.656647403002244
Brazil,United Kingdom of Great Britain and Northern Ireland,Beef and veal preparations nes,Export quantity,2011,t,33210.0,Official figure,BRA,10.410636425329677
Brazil,United Kingdom of Great Britain and Northern Ireland,Beef and veal preparations nes,Export quantity,2012,t,32680.0,Official figure,BRA,10.394549148260978
Brazil,United Kingdom of Great Britain and Northern Ireland,Beef and veal preparations nes,Export quantity,2013,t,30756.0,Official figure,BRA,10.333872889604516
Brazil,United Kingdom of Great Britain and Northern Ireland,Beef and veal preparations nes,Export quantity,2014,t,30324.15,Official figure,BRA,10.319732680213868
Brazil,United Kingdom of Great Britain and Northern Ireland,Beef and veal preparations nes,Export quantity,2015,t,24928.3,Official figure,BRA,10.123799097503255
Brazil,United Kingdom of Great Britain and Northern Ireland,Beef and veal preparations nes,Export quantity,2016,t,27102.94,Official figure,BRA,10.207434383753935
Brazil,United Kingdom of Great Britain and Northern Ireland,Beef and veal preparations nes,Export quantity,2017,t,22909.83,Official figure,BRA,10.03936500351238
Brazil,United Kingdom of Great Britain and Northern Ireland,Beef and veal preparations nes,Export quantity,2018,t,23595.32,Official figure,BRA,10.068846046651622
Brazil,United Kingdom of Great Britain and Northern Ireland,Beef and veal preparations nes,Export quantity,2019,t,21039.6,Official figure,BRA,9.954209183555307
Brazil,United Kingdom of Great Britain and Northern Ireland,Beef and veal preparations nes,Export quantity,2020,t,23331.53,Official figure,BRA,10.057603803199282
Botswana,United Kingdom of Great Britain and Northern Ireland,Beef and veal preparations nes,Export quantity,2010,t,55.0,Official figure,BWA,4.02535169073515
Czechia,United Kingdom of Great Britain and Northern Ireland,Beef and veal preparations nes,Export quantity,2010,t,35.0,Official figure,CZE,3.58351893845611
Czechia,United Kingdom of Great Britain and Northern Ireland,Beef and veal preparations nes,Export quantity,2011,t,2.0,Official figure,CZE,1.0986122886681098
Czechia,United Kingdom of Great Britain and Northern Ireland,Beef and veal preparations nes,Export quantity,2012,t,2.0,Official figure,CZE,1.0986122886681098
Czechia,United Kingdom of Great Britain and Northern Ireland,Beef and veal preparations nes,Export quantity,2013,t,6.0,Official figure,CZE,1.9459101490553132
Czechia,United Kingdom of Great Britain and Northern Ireland,Beef and veal preparations nes,Export quantity,2014,t,34.8,Official figure,CZE,3.5779478934066544
Czechia,United Kingdom of Great Britain and Northern Ireland,Beef and veal preparations nes,Export quantity,2015,t,2.7,Official figure,CZE,1.308332819650179
Czechia,United Kingdom of Great Britain and Northern Ireland,Beef and veal preparations nes,Export quantity,2016,t,0.61,Official figure,CZE,0.4762341789963716
Czechia,United Kingdom of Great Britain and Northern Ireland,Beef and veal preparations nes,Export quantity,2017,t,0.24,Official figure,CZE,0.2151113796169455
Czechia,United Kingdom of Great Britain and Northern Ireland,Beef and veal preparations nes,Export quantity,2018,t,0.2,Official figure,CZE,0.18232155679395462
Czechia,United Kingdom of Great Britain and Northern Ireland,Beef and veal preparations nes,Export quantity,2019,t,1.06,Official figure,CZE,0.7227059828014898
Czechia,United Kingdom of Great Britain and Northern Ireland,Beef and veal preparations nes,Export quantity,2020,t,0.81,Official figure,CZE,0.5933268452777344
Germany,United Kingdom of Great Britain and Northern Ireland,Beef and veal preparations nes,Export quantity,2010,t,1056.0,Official figure,DEU,6.963189985870238
Germany,United Kingdom of Great Britain and Northern Ireland,Beef and veal preparations nes,Export quantity,2011,t,1115.0,Official figure,DEU,7.017506142941256
Germany,United Kingdom of Great Britain and Northern Ireland,Beef and veal preparations nes,Export quantity,2012,t,762.0,Official figure,DEU,6.637258031284457
Germany,United Kingdom of Great Britain and Northern Ireland,Beef and veal preparations nes,Export quantity,2013,t,885.0,Official figure,DEU,6.786716950605081
Germany,United Kingdom of Great Britain and Northern Ireland,Beef and veal preparations nes,Export quantity,2014,t,552.7,Official figure,DEU,6.316623023828922
Germany,United Kingdom of Great Britain and Northern Ireland,Beef and veal preparations nes,Export quantity,2015,t,442.4,Official figure,DEU,6.094472297182211
Germany,United Kingdom of Great Britain and Northern Ireland,Beef and veal preparations nes,Export quantity,2016,t,406.52,Official figure,DEU,6.010090011231147
Germany,United Kingdom of Great Britain and Northern Ireland,Beef and veal preparations nes,Export quantity,2017,t,1007.13,Official figure,DEU,6.915852408569592
Germany,United Kingdom of Great Britain and Northern Ireland,Beef and veal preparations nes,Export quantity,2018,t,1284.68,Official figure,DEU,7.159043040240815
Germany,United Kingdom of Great Britain and Northern Ireland,Beef and veal preparations nes,Export quantity,2019,t,1854.1,Official figure,DEU,7.525693881944328
Germany,United Kingdom of Great Britain and Northern Ireland,Beef and veal preparations nes,Export quantity,2020,t,2026.08,Official figure,DEU,7.614351612866087
Denmark,United Kingdom of Great Britain and Northern Ireland,Beef and veal preparations nes,Export quantity,2010,t,2549.0,Official figure,DNK,7.843848638152472
Denmark,United Kingdom of Great Britain and Northern Ireland,Beef and veal preparations nes,Export quantity,2011,t,3374.0,Official figure,DNK,8.12415060330663
Denmark,United Kingdom of Great Britain and Northern Ireland,Beef and veal preparations nes,Export quantity,2012,t,3177.0,Official figure,DNK,8.064007347096661
Denmark,United Kingdom of Great Britain and Northern Ireland,Beef and veal preparations nes,Export quantity,2013,t,2282.0,Official figure,DNK,7.733245646529795
Denmark,United Kingdom of Great Britain and Northern Ireland,Beef and veal preparations nes,Export quantity,2014,t,2477.9,Official figure,DNK,7.815570192375248
Denmark,United Kingdom of Great Britain and Northern Ireland,Beef and veal preparations nes,Export quantity,2015,t,2600.2,Official figure,DNK,7.8637281559949965
Denmark,United Kingdom of Great Britain and Northern Ireland,Beef and veal preparations nes,Export quantity,2016,t,1588.57,Official figure,DNK,7.371218818387145
Denmark,United Kingdom of Great Britain and Northern Ireland,Beef and veal preparations nes,Export quantity,2017,t,1861.63,Official figure,DNK,7.52974474647562
Denmark,United Kingdom of Great Britain and Northern Ireland,Beef and veal preparations nes,Export quantity,2018,t,1960.56,Official figure,DNK,7.5814953540168535
Denmark,United Kingdom of Great Britain and Northern Ireland,Beef and veal preparations nes,Export quantity,2019,t,1925.79,Official figure,DNK,7.563610684790345
Denmark,United Kingdom of Great Britain and Northern Ireland,Beef and veal preparations nes,Export quantity,2020,t,3045.64,Official figure,DNK,8.021794623006551
Spain,United Kingdom of Great Britain and Northern Ireland,Beef and veal preparations nes,Export quantity,2010,t,1.0,Official figure,ESP,0.6931471805599453
Spain,United Kingdom of Great Britain and Northern Ireland,Beef and veal preparations nes,Export quantity,2012,t,9.0,Official figure,ESP,2.302585092994046
Spain,United Kingdom of Great Britain and Northern Ireland,Beef and veal preparations nes,Export quantity,2013,t,16.0,Official figure,ESP,2.833213344056216
Spain,United Kingdom of Great Britain and Northern Ireland,Beef and veal preparations nes,Export quantity,2014,t,4.1,Official figure,ESP,1.62924053973028
Spain,United Kingdom of Great Britain and Northern Ireland,Beef and veal preparations nes,Export quantity,2015,t,9.23,Official figure,ESP,2.325324579963535
Spain,United Kingdom of Great Britain and Northern Ireland,Beef and veal preparations nes,Export quantity,2016,t,43.13,Official figure,ESP,3.7871398232814557
Spain,United Kingdom of Great Britain and Northern Ireland,Beef and veal preparations nes,Export quantity,2017,t,156.72,Official figure,ESP,5.060821309009427
Spain,United Kingdom of Great Britain and Northern Ireland,Beef and veal preparations nes,Export quantity,2018,t,268.05,Official figure,ESP,5.594897235935429
Spain,United Kingdom of Great Britain and Northern Ireland,Beef and veal preparations nes,Export quantity,2019,t,228.31,Official figure,ESP,5.435074799902897
Spain,United Kingdom of Great Britain and Northern Ireland,Beef and veal preparations nes,Export quantity,2020,t,154.12,Official figure,ESP,5.044199010934396
Estonia,United Kingdom of Great Britain and Northern Ireland,Beef and veal preparations nes,Export quantity,2010,t,3.0,Official figure,EST,1.3862943611198906
Estonia,United Kingdom of Great Britain and Northern Ireland,Beef and veal preparations nes,Export quantity,2011,t,6.0,Official figure,EST,1.9459101490553132
Estonia,United Kingdom of Great Britain and Northern Ireland,Beef and veal preparations nes,Export quantity,2012,t,3.0,Official figure,EST,1.3862943611198906
Estonia,United Kingdom of Great Britain and Northern Ireland,Beef and veal preparations nes,Export quantity,2013,t,3.0,Official figure,EST,1.3862943611198906
Estonia,United Kingdom of Great Britain and Northern Ireland,Beef and veal preparations nes,Export quantity,2014,t,6.0,Official figure,EST,1.9459101490553132
Estonia,United Kingdom of Great Britain and Northern Ireland,Beef and veal preparations nes,Export quantity,2015,t,12.2,Official figure,EST,2.580216829592325
Estonia,United Kingdom of Great Britain and Northern Ireland,Beef and veal preparations nes,Export quantity,2016,t,21.19,Official figure,EST,3.0996417369445024
Estonia,United Kingdom of Great Britain and Northern Ireland,Beef and veal preparations nes,Export quantity,2017,t,9.7,Official figure,EST,2.3702437414678603
Estonia,United Kingdom of Great Britain and Northern Ireland,Beef and veal preparations nes,Export quantity,2018,t,0.14,Official figure,EST,0.1310282624064041
Estonia,United Kingdom of Great Britain and Northern Ireland,Beef and veal preparations nes,Export quantity,2019,t,0.05,Official figure,EST,0.04879016416943201
France,United Kingdom of Great Britain and Northern Ireland,Beef and veal preparations nes,Export quantity,2010,t,800.0,Official figure,FRA,6.68586094706836
France,United Kingdom of Great Britain and Northern Ireland,Beef and veal preparations nes,Export quantity,2011,t,2982.0,Official figure,FRA,8.000684784514748
France,United Kingdom of Great Britain and Northern Ireland,Beef and veal preparations nes,Export quantity,2012,t,3562.0,Official figure,FRA,8.178358165605836
France,United Kingdom of Great Britain and Northern Ireland,Beef and veal preparations nes,Export quantity,2013,t,700.0,Official figure,FRA,6.55250788703459
France,United Kingdom of Great Britain and Northern Ireland,Beef and veal preparations nes,Export quantity,2014,t,1388.5,Official figure,FRA,7.236699249182559
France,United Kingdom of Great Britain and Northern Ireland,Beef and veal preparations nes,Export quantity,2015,t,4685.6,Official figure,FRA,8.452462651844307
France,United Kingdom of Great Britain and Northern Ireland,Beef and veal preparations nes,Export quantity,2016,t,2832.92,Official figure,FRA,7.9494161912001085
France,United Kingdom of Great Britain and Northern Ireland,Beef and veal preparations nes,Export quantity,2017,t,4619.55,Official figure,FRA,8.438269024609227
France,United Kingdom of Great Britain and Northern Ireland,Beef and veal preparations nes,Export quantity,2018,t,3273.54,Official figure,FRA,8.093932680188935
France,United Kingdom of Great Britain and Northern Ireland,Beef and veal preparations nes,Export quantity,2019,t,2051.96,Official figure,FRA,7.627037933146708
France,United Kingdom of Great Britain and Northern Ireland,Beef and veal preparations nes,Export quantity,2020,t,4173.12,Official figure,FRA,8.336658836624943
Greece,United Kingdom of Great Britain and Northern Ireland,Beef and veal preparations nes,Export quantity,2010,t,2.0,Official figure,GRC,1.0986122886681098
Greece,United Kingdom of Great Britain and Northern Ireland,Beef and veal preparations nes,Export quantity,2011,t,3.0,Official figure,GRC,1.3862943611198906
Greece,United Kingdom of Great Britain and Northern Ireland,Beef and veal preparations nes,Export quantity,2012,t,14.0,Official figure,GRC,2.70805020110221
Greece,United Kingdom of Great Britain and Northern Ireland,Beef and veal preparations nes,Export quantity,2013,t,13.0,Official figure,GRC,2.6390573296152584
Greece,United Kingdom of Great Britain and Northern Ireland,Beef and veal preparations nes,Export quantity,2014,t,11.7,Official figure,GRC,2.5416019934645457
Greece,United Kingdom of Great Britain and Northern Ireland,Beef and veal preparations nes,Export quantity,2015,t,13.4,Official figure,GRC,2.667228206581955
Greece,United Kingdom of Great Britain and Northern Ireland,Beef and veal preparations nes,Export quantity,2016,t,19.24,Official figure,GRC,3.0076608444192647
Greece,United Kingdom of Great Britain and Northern Ireland,Beef and veal preparations nes,Export quantity,2017,t,23.83,Official figure,GRC,3.2120525995200753
Greece,United Kingdom of Great Britain and Northern Ireland,Beef and veal preparations nes,Export quantity,2018,t,35.15,Official figure,GRC,3.5876769486047735
Greece,United Kingdom of Great Britain and Northern Ireland,Beef and veal preparations nes,Export quantity,2019,t,42.45,Official figure,GRC,3.7716108517114013
Greece,United Kingdom of Great Britain and Northern Ireland,Beef and veal preparations nes,Export quantity,2020,t,56.53,Official figure,GRC,4.052306550875202
Croatia,United Kingdom of Great Britain and Northern Ireland,Beef and veal preparations nes,Export quantity,2010,t,11.0,Official figure,HRV,2.4849066497880004
Croatia,United Kingdom of Great Britain and Northern Ireland,Beef and veal preparations nes,Export quantity,2011,t,4.0,Official figure,HRV,1.6094379124341003
Croatia,United Kingdom of Great Britain and Northern Ireland,Beef and veal preparations nes,Export quantity,2012,t,14.0,Official figure,HRV,2.70805020110221
Croatia,United Kingdom of Great Britain and Northern Ireland,Beef and veal preparations nes,Export quantity,2013,t,13.0,Official figure,HRV,2.6390573296152584
Croatia,United Kingdom of Great Britain and Northern Ireland,Beef and veal preparations nes,Export quantity,2014,t,9.6,Official figure,HRV,2.3608540011180215
Croatia,United Kingdom of Great Britain and Northern Ireland,Beef and veal preparations nes,Export quantity,2015,t,17.4,Official figure,HRV,2.91235066461494
Croatia,United Kingdom of Great Britain and Northern Ireland,Beef and veal preparations nes,Export quantity,2016,t,7.75,Official figure,HRV,2.169053700369523
Croatia,United Kingdom of Great Britain and Northern Ireland,Beef and veal preparations nes,Export quantity,2017,t,14.15,Official figure,HRV,2.7180005319553784
Croatia,United Kingdom of Great Britain and Northern Ireland,Beef and veal preparations nes,Export quantity,2018,t,41.93,Official figure,HRV,3.7595708822364693
Croatia,United Kingdom of Great Britain and Northern Ireland,Beef and veal preparations nes,Export quantity,2019,t,53.23,Official figure,HRV,3.993234260852969
Croatia,United Kingdom of Great Britain and Northern Ireland,Beef and veal preparations nes,Export quantity,2020,t,64.56,Official figure,HRV,4.182965753875629
Hungary,United Kingdom of Great Britain and Northern Ireland,Beef and veal preparations nes,Export quantity,2012,t,1.0,Official figure,HUN,0.6931471805599453
Hungary,United Kingdom of Great Britain and Northern Ireland,Beef and veal preparations nes,Export quantity,2013,t,1.0,Official figure,HUN,0.6931471805599453
Hungary,United Kingdom of Great Britain and Northern Ireland,Beef and veal preparations nes,Export quantity,2014,t,3.6,Official figure,HUN,1.5260563034950494
Hungary,United Kingdom of Great Britain and Northern Ireland,Beef and veal preparations nes,Export quantity,2015,t,2.7,Official figure,HUN,1.308332819650179
Hungary,United Kingdom of Great Britain and Northern Ireland,Beef and veal preparations nes,Export quantity,2016,t,1.64,Official figure,HUN,0.9707789171582247
Hungary,United Kingdom of Great Britain and Northern Ireland,Beef and veal preparations nes,Export quantity,2017,t,3.5,Official figure,HUN,1.5040773967762742
Hungary,United Kingdom of Great Britain and Northern Ireland,Beef and veal preparations nes,Export quantity,2018,t,2.1,Official figure,HUN,1.1314021114911006
Hungary,United Kingdom of Great Britain and Northern Ireland,Beef and veal preparations nes,Export quantity,2019,t,1.36,Official figure,HUN,0.8586616190375187
Hungary,United Kingdom of Great Britain and Northern Ireland,Beef and veal preparations nes,Export quantity,2020,t,1.95,Official figure,HUN,1.0818051703517284
Ireland,United Kingdom of Great Britain and Northern Ireland,Beef and veal preparations nes,Export quantity,2010,t,42289.0,Official figure,IRL,10.652305930466534
Ireland,United Kingdom of Great Britain and Northern Ireland,Beef and veal preparations nes,Export quantity,2011,t,45864.0,Official figure,IRL,10.733457577943756
Ireland,United Kingdom of Great Britain and Northern Ireland,Beef and veal preparations nes,Export quantity,2012,t,46492.0,Official figure,IRL,10.747057042609113
Ireland,United Kingdom of Great Britain and Northern Ireland,Beef and veal preparations nes,Export quantity,2013,t,31006.0,Official figure,IRL,10.341968264428457
Ireland,United Kingdom of Great Britain and Northern Ireland,Beef and veal preparations nes,Export quantity,2014,t,34574.1,Official figure,IRL,10.450889048791971
Ireland,United Kingdom of Great Britain and Northern Ireland,Beef and veal preparations nes,Export quantity,2015,t,41167.6,Official figure,IRL,10.625431108842058
Ireland,United Kingdom of Great Britain and Northern Ireland,Beef and veal preparations nes,Export quantity,2016,t,37579.77,Official figure,IRL,10.534247762379687
Ireland,United Kingdom of Great Britain and Northern Ireland,Beef and veal preparations nes,Export quantity,2017,t,39764.75,Official figure,IRL,10.590761268020616
Ireland,United Kingdom of Great Britain and Northern Ireland,Beef and veal preparations nes,Export quantity,2018,t,35703.93,Official figure,IRL,10.483044053471556
Ireland,United Kingdom of Great Britain and Northern Ireland,Beef and veal preparations nes,Export quantity,2019,t,25811.12,Official figure,IRL,10.158599428045388
Ireland,United Kingdom of Great Britain and Northern Ireland,Beef and veal preparations nes,Export quantity,2020,t,23654.89,Official figure,IRL,10.07136741153841
Italy,United Kingdom of Great Britain and Northern Ireland,Beef and veal preparations nes,Export quantity,2010,t,21.0,Official figure,ITA,3.091042453358316
Italy,United Kingdom of Great Britain and Northern Ireland,Beef and veal preparations nes,Export quantity,2011,t,162.0,Official figure,ITA,5.093750200806762
Italy,United Kingdom of Great Britain and Northern Ireland,Beef and veal preparations nes,Export quantity,2012,t,60.0,Official figure,ITA,4.110873864173311
Italy,United Kingdom of Great Britain and Northern Ireland,Beef and veal preparations nes,Export quantity,2013,t,10.0,Official figure,ITA,2.3978952727983707
Italy,United Kingdom of Great Britain and Northern Ireland,Beef and veal preparations nes,Export quantity,2014,t,18.9,Official figure,ITA,2.990719731730447
Italy,United Kingdom of Great Britain and Northern Ireland,Beef and veal preparations nes,Export quantity,2015,t,45.8,Official figure,ITA,3.845883202923601
Italy,United Kingdom of Great Britain and Northern Ireland,Beef and veal preparations nes,Export quantity,2016,t,185.12,Official figure,ITA,5.226391626976448
Italy,United Kingdom of Great Britain and Northern Ireland,Beef and veal preparations nes,Export quantity,2017,t,220.52,Official figure,ITA,5.400512878862706
Italy,United Kingdom of Great Britain and Northern Ireland,Beef and veal preparations nes,Export quantity,2018,t,339.2,Official figure,ITA,5.829533679961761
Italy,United Kingdom of Great Britain and Northern Ireland,Beef and veal preparations nes,Export quantity,2019,t,590.56,Official figure,ITA,6.382763115298569
Italy,United Kingdom of Great Britain and Northern Ireland,Beef and veal preparations nes,Export quantity,2020,t,479.09,Official figure,ITA,6.173973586326008
Lithuania,United Kingdom of Great Britain and Northern Ireland,Beef and veal preparations nes,Export quantity,2010,t,1.0,Official figure,LTU,0.6931471805599453
Lithuania,United Kingdom of Great Britain and Northern Ireland,Beef and veal preparations nes,Export quantity,2011,t,2.0,Official figure,LTU,1.0986122886681098
Lithuania,United Kingdom of Great Britain and Northern Ireland,Beef and veal preparations nes,Export quantity,2012,t,3.0,Official figure,LTU,1.3862943611198906
Lithuania,United Kingdom of Great Britain and Northern Ireland,Beef and veal preparations nes,Export quantity,2013,t,2.0,Official figure,LTU,1.0986122886681098
Lithuania,United Kingdom of Great Britain and Northern Ireland,Beef and veal preparations nes,Export quantity,2014,t,1.3,Official figure,LTU,0.832909122935104
Lithuania,United Kingdom of Great Britain and Northern Ireland,Beef and veal preparations nes,Export quantity,2015,t,2.1,Official figure,LTU,1.1314021114911006
Lithuania,United Kingdom of Great Britain and Northern Ireland,Beef and veal preparations nes,Export quantity,2016,t,3.23,Official figure,LTU,1.4422019930581866
Lithuania,United Kingdom of Great Britain and Northern Ireland,Beef and veal preparations nes,Export quantity,2017,t,1.92,Official figure,LTU,1.0715836162801904
Lithuania,United Kingdom of Great Britain and Northern Ireland,Beef and veal preparations nes,Export quantity,2018,t,3.81,Official figure,LTU,1.5706970841176697
Lithuania,United Kingdom of Great Britain and Northern Ireland,Beef and veal preparations nes,Export quantity,2019,t,1.3,Official figure,LTU,0.832909122935104
Lithuania,United Kingdom of Great Britain and Northern Ireland,Beef and veal preparations nes,Export quantity,2020,t,3.36,Official figure,LTU,1.4724720573609429
Latvia,United Kingdom of Great Britain and Northern Ireland,Beef and veal preparations nes,Export quantity,2010,t,1.0,Official figure,LVA,0.6931471805599453
Latvia,United Kingdom of Great Britain and Northern Ireland,Beef and veal preparations nes,Export quantity,2011,t,3.0,Official figure,LVA,1.3862943611198906
Latvia,United Kingdom of Great Britain and Northern Ireland,Beef and veal preparations nes,Export quantity,2012,t,1.0,Official figure,LVA,0.6931471805599453
Latvia,United Kingdom of Great Britain and Northern Ireland,Beef and veal preparations nes,Export quantity,2013,t,1.0,Official figure,LVA,0.6931471805599453
Latvia,United Kingdom of Great Britain and Northern Ireland,Beef and veal preparations nes,Export quantity,2014,t,2.65,Official figure,LVA,1.2947271675944
Latvia,United Kingdom of Great Britain and Northern Ireland,Beef and veal preparations nes,Export quantity,2015,t,14.6,Official figure,LVA,2.747270914255491
Latvia,United Kingdom of Great Britain and Northern Ireland,Beef and veal preparations nes,Export quantity,2016,t,4.14,Official figure,LVA,1.6370530794670737
Latvia,United Kingdom of Great Britain and Northern Ireland,Beef and veal preparations nes,Export quantity,2017,t,0.63,Official figure,LVA,0.48858001481867097
Latvia,United Kingdom of Great Britain and Northern Ireland,Beef and veal preparations nes,Export quantity,2019,t,0.24,Official figure,LVA,0.2151113796169455
Latvia,United Kingdom of Great Britain and Northern Ireland,Beef and veal preparations nes,Export quantity,2020,t,1.66,Official figure,LVA,0.9783261227936076
Namibia,United Kingdom of Great Britain and Northern Ireland,Beef and veal preparations nes,Export quantity,2014,t,0.02,Official figure,NAM,0.019802627296179712
Namibia,United Kingdom of Great Britain and Northern Ireland,Beef and veal preparations nes,Export quantity,2015,t,82.62,Official figure,NAM,4.426282725928419
Namibia,United Kingdom of Great Britain and Northern Ireland,Beef and veal preparations nes,Export quantity,2016,t,188.7,Official figure,NAM,5.245443876940969
Netherlands (Kingdom of the),United Kingdom of Great Britain and Northern Ireland,Beef and veal preparations nes,Export quantity,2010,t,529.0,Official figure,NLD,6.272877006546167
Netherlands (Kingdom of the),United Kingdom of Great Britain and Northern Ireland,Beef and veal preparations nes,Export quantity,2011,t,4906.0,Official figure,NLD,8.498418036089904
Netherlands (Kingdom of the),United Kingdom of Great Britain and Northern Ireland,Beef and veal preparations nes,Export quantity,2012,t,2175.0,Official figure,NLD,7.685243607975833
Netherlands (Kingdom of the),United Kingdom of Great Britain and Northern Ireland,Beef and veal preparations nes,Export quantity,2013,t,333.0,Official figure,NLD,5.811140992976701
Netherlands (Kingdom of the),United Kingdom of Great Britain and Northern Ireland,Beef and veal preparations nes,Export quantity,2014,t,2250.7,Official figure,NLD,7.719440765465614
Netherlands (Kingdom of the),United Kingdom of Great Britain and Northern Ireland,Beef and veal preparations nes,Export quantity,2015,t,341.4,Official figure,NLD,5.835979644267587
Netherlands (Kingdom of the),United Kingdom of Great Britain and Northern Ireland,Beef and veal preparations nes,Export quantity,2016,t,670.19,Official figure,NLD,6.509052256353095
Netherlands (Kingdom of the),United Kingdom of Great Britain and Northern Ireland,Beef and veal preparations nes,Export quantity,2017,t,1110.22,Official figure,NLD,7.013213789838277
Netherlands (Kingdom of the),United Kingdom of Great Britain and Northern Ireland,Beef and veal preparations nes,Export quantity,2018,t,1171.91,Official figure,NLD,7.0672431193671486
Netherlands (Kingdom of the),United Kingdom of Great Britain and Northern Ireland,Beef and veal preparations nes,Export quantity,2019,t,1232.91,Official figure,NLD,7.11794326825612
Netherlands (Kingdom of the),United Kingdom of Great Britain and Northern Ireland,Beef and veal preparations nes,Export quantity,2020,t,844.14,Official figure,NLD,6.739502294107052
Norway,United Kingdom of Great Britain and Northern Ireland,Beef and veal preparations nes,Export quantity,2011,t,2.0,Official figure,NOR,1.0986122886681098
Norway,United Kingdom of Great Britain and Northern Ireland,Beef and veal preparations nes,Export quantity,2012,t,3.0,Official figure,NOR,1.3862943611198906
Norway,United Kingdom of Great Britain and Northern Ireland,Beef and veal preparations nes,Export quantity,2013,t,4.0,Official figure,NOR,1.6094379124341003
Norway,United Kingdom of Great Britain and Northern Ireland,Beef and veal preparations nes,Export quantity,2014,t,0.5,Official figure,NOR,0.4054651081081644
Norway,United Kingdom of Great Britain and Northern Ireland,Beef and veal preparations nes,Export quantity,2017,t,5.8,Official figure,NOR,1.916922612182061
New Zealand,United Kingdom of Great Britain and Northern Ireland,Beef and veal preparations nes,Export quantity,2012,t,66.0,Official figure,NZL,4.204692619390966
New Zealand,United Kingdom of Great Britain and Northern Ireland,Beef and veal preparations nes,Export quantity,2013,t,34.0,Official figure,NZL,3.5553480614894135
New Zealand,United Kingdom of Great Britain and Northern Ireland,Beef and veal preparations nes,Export quantity,2015,t,3.49,Official figure,NZL,1.501852701754163
New Zealand,United Kingdom of Great Britain and Northern Ireland,Beef and veal preparations nes,Export quantity,2016,t,29.44,Official figure,NZL,3.415757532993485
New Zealand,United Kingdom of Great Britain and Northern Ireland,Beef and veal preparations nes,Export quantity,2017,t,57.88,Official figure,NZL,4.075501474420621
New Zealand,United Kingdom of Great Britain and Northern Ireland,Beef and veal preparations nes,Export quantity,2018,t,34.02,Official figure,NZL,3.555919326857706
New Zealand,United Kingdom of Great Britain and Northern Ireland,Beef and veal preparations nes,Export quantity,2019,t,19.16,Official figure,NZL,3.0037004432031678
New Zealand,United Kingdom of Great Britain and Northern Ireland,Beef and veal preparations nes,Export quantity,2020,t,22.81,Official figure,NZL,3.170105660498771
Poland,United Kingdom of Great Britain and Northern Ireland,Beef and veal preparations nes,Export quantity,2010,t,221.0,Official figure,POL,5.402677381872279
Poland,United Kingdom of Great Britain and Northern Ireland,Beef and veal preparations nes,Export quantity,2011,t,230.0,Official figure,POL,5.442417710521793
Poland,United Kingdom of Great Britain and Northern Ireland,Beef and veal preparations nes,Export quantity,2012,t,309.0,Official figure,POL,5.736572297479192
Poland,United Kingdom of Great Britain and Northern Ireland,Beef and veal preparations nes,Export quantity,2013,t,729.0,Official figure,POL,6.593044534142437
Poland,United Kingdom of Great Britain and Northern Ireland,Beef and veal preparations nes,Export quantity,2014,t,487.8,Official figure,POL,6.191953407857386
Poland,United Kingdom of Great Britain and Northern Ireland,Beef and veal preparations nes,Export quantity,2015,t,310.4,Official figure,POL,5.741078259399898
Poland,United Kingdom of Great Britain and Northern Ireland,Beef and veal preparations nes,Export quantity,2016,t,443.63,Official figure,POL,6.097242475636933
Poland,United Kingdom of Great Britain and Northern Ireland,Beef and veal preparations nes,Export quantity,2017,t,1497.69,Official figure,POL,7.312346672179233
Poland,United Kingdom of Great Britain and Northern Ireland,Beef and veal preparations nes,Export quantity,2018,t,1305.28,Official figure,POL,7.174938681956572
Poland,United Kingdom of Great Britain and Northern Ireland,Beef and veal preparations nes,Export quantity,2019,t,1803.83,Official figure,POL,7.498221683506015
Poland,United Kingdom of Great Britain and Northern Ireland,Beef and veal preparations nes,Export quantity,2020,t,2016.06,Official figure,POL,7.609396284661005
Portugal,United Kingdom of Great Britain and Northern Ireland,Beef and veal preparations nes,Export quantity,2014,t,0.21,Official figure,PRT,0.19062035960864973
Portugal,United Kingdom of Great Britain and Northern Ireland,Beef and veal preparations nes,Export quantity,2015,t,2.2,Official figure,PRT,1.1631508098056809
Portugal,United Kingdom of Great Britain and Northern Ireland,Beef and veal preparations nes,Export quantity,2016,t,6.24,Official figure,PRT,1.979621206397625
Portugal,United Kingdom of Great Britain and Northern Ireland,Beef and veal preparations nes,Export quantity,2017,t,14.42,Official figure,PRT,2.7356653681351832
Portugal,United Kingdom of Great Britain and Northern Ireland,Beef and veal preparations nes,Export quantity,2018,t,10.61,Official figure,PRT,2.4518667957098
Portugal,United Kingdom of Great Britain and Northern Ireland,Beef and veal preparations nes,Export quantity,2019,t,5.42,Official figure,PRT,1.8594181177018698
Portugal,United Kingdom of Great Britain and Northern Ireland,Beef and veal preparations nes,Export quantity,2020,t,8.53,Official figure,PRT,2.254444717666111
Romania,United Kingdom of Great Britain and Northern Ireland,Beef and veal preparations nes,Export quantity,2010,t,108.0,Official figure,ROU,4.6913478822291435
Romania,United Kingdom of Great Britain and Northern Ireland,Beef and veal preparations nes,Export quantity,2011,t,235.0,Official figure,ROU,5.4638318050256105
Romania,United Kingdom of Great Britain and Northern Ireland,Beef and veal preparations nes,Export quantity,2012,t,781.0,Official figure,ROU,6.661854740545311
Romania,United Kingdom of Great Britain and Northern Ireland,Beef and veal preparations nes,Export quantity,2013,t,543.0,Official figure,ROU,6.298949246855942
Romania,United Kingdom of Great Britain and Northern Ireland,Beef and veal preparations nes,Export quantity,2014,t,245.4,Official figure,ROU,5.506956231659364
Romania,United Kingdom of Great Britain and Northern Ireland,Beef and veal preparations nes,Export quantity,2015,t,239.3,Official figure,ROU,5.481888142742423
Romania,United Kingdom of Great Britain and Northern Ireland,Beef and veal preparations nes,Export quantity,2016,t,445.45,Official figure,ROU,6.101327411963226
Romania,United Kingdom of Great Britain and Northern Ireland,Beef and veal preparations nes,Export quantity,2017,t,442.79,Value imputed by a receiving agency,ROU,6.095351477572255
Romania,United Kingdom of Great Britain and Northern Ireland,Beef and veal preparations nes,Export quantity,2018,t,388.22,Official figure,ROU,5.964144736453019
Romania,United Kingdom of Great Britain and Northern Ireland,Beef and veal preparations nes,Export quantity,2019,t,360.79,Official figure,ROU,5.891063932999336
Romania,United Kingdom of Great Britain and Northern Ireland,Beef and veal preparations nes,Export quantity,2020,t,1180.93,Official figure,ROU,7.074903974554165
Slovakia,United Kingdom of Great Britain and Northern Ireland,Beef and veal preparations nes,Export quantity,2014,t,0.1,Official figure,SVK,0.09531017980432487
Slovakia,United Kingdom of Great Britain and Northern Ireland,Beef and veal preparations nes,Export quantity,2015,t,0.3,Official figure,SVK,0.262364264467491
Slovakia,United Kingdom of Great Britain and Northern Ireland,Beef and veal preparations nes,Export quantity,2016,t,0.29,Official figure,SVK,0.2546422183735807
Slovakia,United Kingdom of Great Britain and Northern Ireland,Beef and veal preparations nes,Export quantity,2017,t,1.15,Official figure,SVK,0.7654678421395714
Slovakia,United Kingdom of Great Britain and Northern Ireland,Beef and veal preparations nes,Export quantity,2018,t,2.14,Official figure,SVK,1.144222799920162
Slovakia,United Kingdom of Great Britain and Northern Ireland,Beef and veal preparations nes,Export quantity,2019,t,3.11,Official figure,SVK,1.4134230285081433
Slovakia,United Kingdom of Great Britain and Northern Ireland,Beef and veal preparations nes,Export quantity,2020,t,4.69,Official figure,SVK,1.7387102481382397
Sweden,United Kingdom of Great Britain and Northern Ireland,Beef and veal preparations nes,Export quantity,2010,t,1538.0,Official figure,SWE,7.338888133838879
Sweden,United Kingdom of Great Britain and Northern Ireland,Beef and veal preparations nes,Export quantity,2011,t,1747.0,Official figure,SWE,7.466227556215481
Sweden,United Kingdom of Great Britain and Northern Ireland,Beef and veal preparations nes,Export quantity,2012,t,874.0,Official figure,SWE,6.774223886357614
Sweden,United Kingdom of Great Britain and Northern Ireland,Beef and veal preparations nes,Export quantity,2013,t,115.0,Official figure,SWE,4.7535901911063645
Sweden,United Kingdom of Great Britain and Northern Ireland,Beef and veal preparations nes,Export quantity,2014,t,59.5,Official figure,SWE,4.102643365036796
Sweden,United Kingdom of Great Britain and Northern Ireland,Beef and veal preparations nes,Export quantity,2015,t,160.7,Official figure,SWE,5.085742766583061
Sweden,United Kingdom of Great Britain and Northern Ireland,Beef and veal preparations nes,Export quantity,2016,t,31.09,Official figure,SWE,3.4685444551217657
Sweden,United Kingdom of Great Britain and Northern Ireland,Beef and veal preparations nes,Export quantity,2017,t,14.56,Official figure,SWE,2.7447035187502458
Sweden,United Kingdom of Great Britain and Northern Ireland,Beef and veal preparations nes,Export quantity,2018,t,108.42,Official figure,SWE,4.69519368863568
Sweden,United Kingdom of Great Britain and Northern Ireland,Beef and veal preparations nes,Export quantity,2019,t,178.38,Official figure,SWE,5.189506460689857
Sweden,United Kingdom of Great Britain and Northern Ireland,Beef and veal preparations nes,Export quantity,2020,t,22.9,Official figure,SWE,3.173878458937465
Ukraine,United Kingdom of Great Britain and Northern Ireland,Beef and veal preparations nes,Export quantity,2010,t,1.0,Official figure,UKR,0.6931471805599453
Ukraine,United Kingdom of Great Britain and Northern Ireland,Beef and veal preparations nes,Export quantity,2011,t,6.0,Official figure,UKR,1.9459101490553132
Ukraine,United Kingdom of Great Britain and Northern Ireland,Beef and veal preparations nes,Export quantity,2012,t,6.0,Official figure,UKR,1.9459101490553132
Ukraine,United Kingdom of Great Britain and Northern Ireland,Beef and veal preparations nes,Export quantity,2013,t,6.0,Official figure,UKR,1.9459101490553132
Ukraine,United Kingdom of Great Britain and Northern Ireland,Beef and veal preparations nes,Export quantity,2014,t,4.03,Official figure,UKR,1.6154199841116479
Ukraine,United Kingdom of Great Britain and Northern Ireland,Beef and veal preparations nes,Export quantity,2015,t,0.18,Value imputed by a receiving agency,UKR,0.16551443847757338
Ukraine,United Kingdom of Great Britain and Northern Ireland,Beef and veal preparations nes,Export quantity,2016,t,0.41,Official figure,UKR,0.3435897043900769
Ukraine,United Kingdom of Great Britain and Northern Ireland,Beef and veal preparations nes,Export quantity,2017,t,0.07,Official figure,UKR,0.06765864847381481
Ukraine,United Kingdom of Great Britain and Northern Ireland,Beef and veal preparations nes,Export quantity,2018,t,0.24,Official figure,UKR,0.2151113796169455
Ukraine,United Kingdom of Great Britain and Northern Ireland,Beef and veal preparations nes,Export quantity,2019,t,0.06,Official figure,UKR,0.058268908123975775
Ukraine,United Kingdom of Great Britain and Northern Ireland,Beef and veal preparations nes,Export quantity,2020,t,0.04,Official figure,UKR,0.039220713153281295
Uruguay,United Kingdom of Great Britain and Northern Ireland,Beef and veal preparations nes,Export quantity,2010,t,2313.0,Official figure,URY,7.746732907753622
Uruguay,United Kingdom of Great Britain and Northern Ireland,Beef and veal preparations nes,Export quantity,2011,t,180.0,Official figure,URY,5.198497031265826
Uruguay,United Kingdom of Great Britain and Northern Ireland,Beef and veal preparations nes,Export quantity,2012,t,299.0,Official figure,URY,5.703782474656201
Uruguay,United Kingdom of Great Britain and Northern Ireland,Beef and veal preparations nes,Export quantity,2013,t,109.0,Official figure,URY,4.700480365792417
Uruguay,United Kingdom of Great Britain and Northern Ireland,Beef and veal preparations nes,Export quantity,2014,t,35.55,Official figure,URY,3.5986811861957873
Uruguay,United Kingdom of Great Britain and Northern Ireland,Beef and veal preparations nes,Export quantity,2015,t,8.53,Official figure,URY,2.254444717666111
United States of America,United Kingdom of Great Britain and Northern Ireland,Beef and veal preparations nes,Export quantity,2010,t,55.0,Official figure,USA,4.02535169073515
United States of America,United Kingdom of Great Britain and Northern Ireland,Beef and veal preparations nes,Export quantity,2011,t,103.0,Official figure,USA,4.6443908991413725
United States of America,United Kingdom of Great Britain and Northern Ireland,Beef and veal preparations nes,Export quantity,2012,t,190.0,Official figure,USA,5.25227342804663
United States of America,United Kingdom of Great Britain and Northern Ireland,Beef and veal preparations nes,Export quantity,2013,t,136.0,Official figure,USA,4.919980925828125
United States of America,United Kingdom of Great Britain and Northern Ireland,Beef and veal preparations nes,Export quantity,2014,t,143.51,Official figure,USA,4.973348709310239
United States of America,United Kingdom of Great Britain and Northern Ireland,Beef and veal preparations nes,Export quantity,2015,t,15.99,Official figure,USA,2.8326249356838407
United States of America,United Kingdom of Great Britain and Northern Ireland,Beef and veal preparations nes,Export quantity,2018,t,3.88,Official figure,USA,1.5851452198650557
United States of America,United Kingdom of Great Britain and Northern Ireland,Beef and veal preparations nes,Export quantity,2019,t,0.67,Official figure,USA,0.5128236264286637
United States of America,United Kingdom of Great Britain and Northern Ireland,Beef and veal preparations nes,Export quantity,2020,t,0.9,Official figure,USA,0.6418538861723948
